{
    "HessianLLE":{
        "men":{
            "correlation":0.0510563514,
            "significance":0.0051558717,
            "test_pairs":3000
        },
        "simlex":{
            "correlation":-0.0091192787,
            "significance":0.7734402698,
            "test_pairs":999
        }
    },
    "Isomap":{
        "men":{
            "correlation":0.5242476177,
            "significance":0.0,
            "test_pairs":3000
        },
        "simlex":{
            "correlation":0.1366037983,
            "significance":0.0000147392,
            "test_pairs":999
        }
    },
    "LLE":{
        "men":{
            "correlation":0.6167131281,
            "significance":0.0,
            "test_pairs":3000
        },
        "simlex":{
            "correlation":0.175509877,
            "significance":0.0000000235,
            "test_pairs":999
        }
    },
    "LTSA":{
        "men":{
            "correlation":0.0449565185,
            "significance":0.0137938015,
            "test_pairs":3000
        },
        "simlex":{
            "correlation":-0.0294196285,
            "significance":0.352939899,
            "test_pairs":999
        }
    },
    "ModifiedLLE":{
        "men":{
            "correlation":0.5929498624,
            "significance":0.0,
            "test_pairs":3000
        },
        "simlex":{
            "correlation":0.1587997607,
            "significance":0.0000004537,
            "test_pairs":999
        }
    },
    "Truncated SVD":{
        "men":{
            "correlation":0.5318358254,
            "significance":0.0,
            "test_pairs":3000
        },
        "simlex":{
            "correlation":0.1360531764,
            "significance":0.0000159659,
            "test_pairs":999
        }
    }
}