{
    "HessianLLE":{
        "men":{
            "correlation":0.0496814702,
            "significance":0.0064944542,
            "test_pairs":3000
        },
        "simlex":{
            "correlation":-0.0134452509,
            "significance":0.6712371756,
            "test_pairs":999
        }
    }
}