{
    "HessianLLE":{
        "men":{
            "correlation":0.0106282115,
            "significance":0.5606307043,
            "test_pairs":3000
        },
        "simlex":{
            "correlation":0.0123867688,
            "significance":0.695772868,
            "test_pairs":999
        }
    },
    "Isomap":{
        "men":{
            "correlation":0.4493484571,
            "significance":0.0,
            "test_pairs":3000
        },
        "simlex":{
            "correlation":0.080639111,
            "significance":0.0107809616,
            "test_pairs":999
        }
    },
    "LLE":{
        "men":{
            "correlation":0.3183056426,
            "significance":0.0,
            "test_pairs":3000
        },
        "simlex":{
            "correlation":0.0612098581,
            "significance":0.0531070838,
            "test_pairs":999
        }
    },
    "LTSA":{
        "men":{
            "correlation":0.0302914129,
            "significance":0.0971524299,
            "test_pairs":3000
        },
        "simlex":{
            "correlation":0.0237851349,
            "significance":0.4526882428,
            "test_pairs":999
        }
    },
    "ModifiedLLE":{
        "men":{
            "correlation":0.4408273846,
            "significance":0.0,
            "test_pairs":3000
        },
        "simlex":{
            "correlation":0.1115256591,
            "significance":0.0004130591,
            "test_pairs":999
        }
    },
    "Truncated SVD":{
        "men":{
            "correlation":0.3538490012,
            "significance":0.0,
            "test_pairs":3000
        },
        "simlex":{
            "correlation":0.0353524539,
            "significance":0.2642793376,
            "test_pairs":999
        }
    }
}