{
    "HessianLLE":{
        "men":{
            "correlation":-0.0269993623,
            "significance":0.1392822379,
            "test_pairs":3000
        },
        "simlex":{
            "correlation":0.0540985681,
            "significance":0.0874505424,
            "test_pairs":999
        }
    },
    "Isomap":{
        "men":{
            "correlation":0.1643689494,
            "significance":0.0,
            "test_pairs":3000
        },
        "simlex":{
            "correlation":0.0140572847,
            "significance":0.6572061914,
            "test_pairs":999
        }
    },
    "LLE":{
        "men":{
            "correlation":0.0826045433,
            "significance":0.0000058901,
            "test_pairs":3000
        },
        "simlex":{
            "correlation":0.0582239901,
            "significance":0.0658357832,
            "test_pairs":999
        }
    },
    "LTSA":{
        "men":{
            "correlation":-0.0350375458,
            "significance":0.0550001816,
            "test_pairs":3000
        },
        "simlex":{
            "correlation":0.064361513,
            "significance":0.0419683388,
            "test_pairs":999
        }
    },
    "ModifiedLLE":{
        "men":{
            "correlation":0.0782797219,
            "significance":0.0000176786,
            "test_pairs":3000
        },
        "simlex":{
            "correlation":0.0560376507,
            "significance":0.0766682538,
            "test_pairs":999
        }
    },
    "Truncated SVD":{
        "men":{
            "correlation":0.1557593291,
            "significance":0.0,
            "test_pairs":3000
        },
        "simlex":{
            "correlation":-0.0346273043,
            "significance":0.2742087623,
            "test_pairs":999
        }
    }
}