{
    "HessianLLE":{
        "men":{
            "correlation":0.0479985448,
            "significance":0.0085533557,
            "test_pairs":3000
        },
        "simlex":{
            "correlation":0.0293629357,
            "significance":0.3538688274,
            "test_pairs":999
        }
    },
    "Isomap":{
        "men":{
            "correlation":0.528772145,
            "significance":0.0,
            "test_pairs":3000
        },
        "simlex":{
            "correlation":0.1273070266,
            "significance":0.0000545606,
            "test_pairs":999
        }
    },
    "LLE":{
        "men":{
            "correlation":0.6235204804,
            "significance":0.0,
            "test_pairs":3000
        },
        "simlex":{
            "correlation":0.1937380347,
            "significance":0.0000000007,
            "test_pairs":999
        }
    },
    "LTSA":{
        "men":{
            "correlation":0.0487621514,
            "significance":0.0075560552,
            "test_pairs":3000
        },
        "simlex":{
            "correlation":-0.0090258522,
            "significance":0.7756989948,
            "test_pairs":999
        }
    },
    "ModifiedLLE":{
        "men":{
            "correlation":0.5942051761,
            "significance":0.0,
            "test_pairs":3000
        },
        "simlex":{
            "correlation":0.1611057218,
            "significance":0.0000003069,
            "test_pairs":999
        }
    },
    "Truncated SVD":{
        "men":{
            "correlation":0.5420876967,
            "significance":0.0,
            "test_pairs":3000
        },
        "simlex":{
            "correlation":0.1397381698,
            "significance":0.0000092959,
            "test_pairs":999
        }
    }
}