{
    "HessianLLE":{
        "men":{
            "correlation":0.0486688426,
            "significance":0.0076720586,
            "test_pairs":3000
        },
        "simlex":{
            "correlation":0.004920818,
            "significance":0.8765546055,
            "test_pairs":999
        }
    },
    "Isomap":{
        "men":{
            "correlation":0.5293673913,
            "significance":0.0,
            "test_pairs":3000
        },
        "simlex":{
            "correlation":0.1276094781,
            "significance":0.0000523577,
            "test_pairs":999
        }
    },
    "LLE":{
        "men":{
            "correlation":0.6204793743,
            "significance":0.0,
            "test_pairs":3000
        },
        "simlex":{
            "correlation":0.1930087867,
            "significance":0.0000000008,
            "test_pairs":999
        }
    },
    "LTSA":{
        "men":{
            "correlation":0.0493952466,
            "significance":0.00680963,
            "test_pairs":3000
        },
        "simlex":{
            "correlation":-0.0025896043,
            "significance":0.9348477533,
            "test_pairs":999
        }
    },
    "ModifiedLLE":{
        "men":{
            "correlation":0.597089602,
            "significance":0.0,
            "test_pairs":3000
        },
        "simlex":{
            "correlation":0.1669844943,
            "significance":0.0000001105,
            "test_pairs":999
        }
    },
    "Truncated SVD":{
        "men":{
            "correlation":0.5419827327,
            "significance":0.0,
            "test_pairs":3000
        },
        "simlex":{
            "correlation":0.1400546736,
            "significance":0.0000088682,
            "test_pairs":999
        }
    }
}