{
    "HessianLLE":{
        "men":{
            "correlation":0.0507743774,
            "significance":0.0054081264,
            "test_pairs":3000
        },
        "simlex":{
            "correlation":0.0038013813,
            "significance":0.9044830514,
            "test_pairs":999
        }
    },
    "Isomap":{
        "men":{
            "correlation":0.5304974904,
            "significance":0.0,
            "test_pairs":3000
        },
        "simlex":{
            "correlation":0.1283337543,
            "significance":0.0000474196,
            "test_pairs":999
        }
    },
    "LLE":{
        "men":{
            "correlation":0.6242152656,
            "significance":0.0,
            "test_pairs":3000
        },
        "simlex":{
            "correlation":0.1923971162,
            "significance":0.0000000009,
            "test_pairs":999
        }
    },
    "LTSA":{
        "men":{
            "correlation":0.0486373964,
            "significance":0.007711511,
            "test_pairs":3000
        },
        "simlex":{
            "correlation":-0.0015150509,
            "significance":0.9618547316,
            "test_pairs":999
        }
    },
    "ModifiedLLE":{
        "men":{
            "correlation":0.5945579846,
            "significance":0.0,
            "test_pairs":3000
        },
        "simlex":{
            "correlation":0.1613048069,
            "significance":0.0000002966,
            "test_pairs":999
        }
    },
    "Truncated SVD":{
        "men":{
            "correlation":0.5410073368,
            "significance":0.0,
            "test_pairs":3000
        },
        "simlex":{
            "correlation":0.1387117567,
            "significance":0.0000108223,
            "test_pairs":999
        }
    }
}
