{
    "Isomap":{
        "men":{
            "correlation":0.4706138119,
            "significance":0.0,
            "test_pairs":3000
        },
        "simlex":{
            "correlation":0.0574873137,
            "significance":0.0693356192,
            "test_pairs":999
        }
    },
    "LLE":{
        "men":{
            "correlation":0.5493982991,
            "significance":0.0,
            "test_pairs":3000
        },
        "simlex":{
            "correlation":0.0519794683,
            "significance":0.1005970048,
            "test_pairs":999
        }
    },
    "LTSA":{
        "men":{
            "correlation":0.067262519,
            "significance":0.0002271273,
            "test_pairs":3000
        },
        "simlex":{
            "correlation":0.0320265766,
            "significance":0.3118944691,
            "test_pairs":999
        }
    },
    "MDS SMACOF":{
        "men":{
            "correlation":0.6061706399,
            "significance":0.0,
            "test_pairs":3000
        },
        "simlex":{
            "correlation":0.1987006457,
            "significance":0.0000000002,
            "test_pairs":999
        }
    },
    "MDS proposed":{
        "men":{
            "correlation":0.5501475694,
            "significance":0.0,
            "test_pairs":3000
        },
        "simlex":{
            "correlation":0.3043526174,
            "significance":0.0,
            "test_pairs":999
        }
    },
    "ModifiedLLE":{
        "men":{
            "correlation":0.0236934436,
            "significance":0.1944988756,
            "test_pairs":3000
        },
        "simlex":{
            "correlation":0.0427929484,
            "significance":0.1765414647,
            "test_pairs":999
        }
    },
    "Original Embeddings 300d":{
        "men":{
            "correlation":0.6355925959,
            "significance":0.0,
            "test_pairs":3000
        },
        "simlex":{
            "correlation":0.1772676825,
            "significance":0.0000000169,
            "test_pairs":999
        }
    },
    "Original Embeddings 50d":{
        "men":{
            "correlation":0.5553964056,
            "significance":0.0,
            "test_pairs":3000
        },
        "simlex":{
            "correlation":0.1240756602,
            "significance":0.0000842605,
            "test_pairs":999
        }
    },
    "Truncated SVD":{
        "men":{
            "correlation":0.5410073368,
            "significance":0.0,
            "test_pairs":3000
        },
        "simlex":{
            "correlation":0.1387117567,
            "significance":0.0000108223,
            "test_pairs":999
        }
    }
}